<?xml version="1.0" encoding="UTF-8"?>
<metadata xml:lang="de"><Esri><CreaDate>20210208</CreaDate><CreaTime>13562700</CreaTime><ArcGISFormat>1.0</ArcGISFormat><SyncOnce>TRUE</SyncOnce><DataProperties><lineage><Process ToolSource="c:\program files (x86)\arcgis\desktop10.6\ArcToolbox\Toolboxes\Data Management Tools.tbx\Project" Date="20200412" Time="160516">Project Biodiversity "D:\Drive\Publications\Conceptual paper\Netlogo\Demand\Bio.shp" PROJCS['ETRS_1989_UTM_Zone_32N',GEOGCS['GCS_ETRS_1989',DATUM['D_ETRS_1989',SPHEROID['GRS_1980',6378137.0,298.257222101]],PRIMEM['Greenwich',0.0],UNIT['Degree',0.0174532925199433]],PROJECTION['Transverse_Mercator'],PARAMETER['False_Easting',500000.0],PARAMETER['False_Northing',0.0],PARAMETER['Central_Meridian',9.0],PARAMETER['Scale_Factor',0.9996],PARAMETER['Latitude_Of_Origin',0.0],UNIT['Meter',1.0]] ETRS_1989_To_WGS_1984 GEOGCS['GCS_WGS_1984',DATUM['D_WGS_1984',SPHEROID['WGS_1984',6378137.0,298.257223563]],PRIMEM['Greenwich',0.0],UNIT['Degree',0.0174532925199433]] NO_PRESERVE_SHAPE # NO_VERTICAL</Process><Process ToolSource="c:\program files (x86)\arcgis\desktop10.6\ArcToolbox\Toolboxes\Data Management Tools.tbx\CalculateField" Date="20200412" Time="173934">CalculateField Bio Actor [respondent] VB #</Process></lineage></DataProperties></Esri></metadata>
