"export-plot data (NetLogo 6.1.1)"
"ViSA_test_30_final.nlogo"
"08/02/2021 12:29:29:259 +0200"

"MODEL SETTINGS"
"foresight_scenario","region","ess","map-display","interact","actor","objective-scenario","capital","interaction-scenario","decision-pathway","map-type","weighted-decision?","budget","conflicting-actors","match-limit","plot-title","px","gama","alpha","py","land-management","site","pz","demand","year","kappa","resolution","demand_scenario","indicator","month"
"""Select""","""Select""","""yield""","""Gap""","""Select""","""A""","""Gradient""","""Select""","""Competitive""","""Select""","""Select""","true","100000","""Select""","1","""Supply""","0.5","0.03","0.05","0","""Agroforestry""","""site-3""","0.5","0","2050","1.0E-6","""Select""","""Select""","""Select""","""Select"""

"""Supply"""
"x min","x max","y min","y max","autoplot?","current pen","legend open?","number of pens"
"0","10","0","103","true","""Yield""","true","5"

"pen name","pen down?","mode","interval","color","x"
"""Yield""","true","0","1","15","0"
"""EC""","true","0","1","55","0"
"""CS""","true","0","1","45","0"
"""Water""","true","0","1","105","0"
"""Biodiversity""","true","0","1","25","0"

"""Yield""",,,,"""EC""",,,,"""CS""",,,,"""Water""",,,,"""Biodiversity"""
"x","y","color","pen down?","x","y","color","pen down?","x","y","color","pen down?","x","y","color","pen down?","x","y","color","pen down?"
"0","40.59436368942261","15","true","0","93.59093379974365","55","true","0","3.947718620300293","45","true","0","9.680954039096832","105","true","0","0","25","true"
