<PAMDataset>
  <Metadata>
    <MDI key="AREA_OR_POINT">Area</MDI>
    <MDI key="DataType">Generic</MDI>
  </Metadata>
  <PAMRasterBand band="1">
    <Description>Band_1</Description>
    <ColorInterp>Gray</ColorInterp>
    <Metadata>
      <MDI key="BandName">Band_1</MDI>
      <MDI key="RepresentationType">ATHEMATIC</MDI>
      <MDI key="STATISTICS_COVARIANCES">110.2654383707016</MDI>
      <MDI key="STATISTICS_MAXIMUM">100</MDI>
      <MDI key="STATISTICS_MEAN">2.3183183183183</MDI>
      <MDI key="STATISTICS_MINIMUM">0</MDI>
      <MDI key="STATISTICS_SKIPFACTORX">1</MDI>
      <MDI key="STATISTICS_SKIPFACTORY">1</MDI>
      <MDI key="STATISTICS_STDDEV">10.492848738518</MDI>
      <MDI key="STATISTICS_VALID_PERCENT">38.68</MDI>
    </Metadata>
  </PAMRasterBand>
</PAMDataset>
