<PAMDataset>
  <Metadata>
    <MDI key="AREA_OR_POINT">Area</MDI>
    <MDI key="DataType">Generic</MDI>
  </Metadata>
  <PAMRasterBand band="1">
    <ColorInterp>Gray</ColorInterp>
    <Metadata>
      <MDI key="RepresentationType">ATHEMATIC</MDI>
      <MDI key="STATISTICS_COVARIANCES">96.98794653063936</MDI>
      <MDI key="STATISTICS_MAXIMUM">50.412368774414</MDI>
      <MDI key="STATISTICS_MEAN">9.7984595632403</MDI>
      <MDI key="STATISTICS_MINIMUM">0</MDI>
      <MDI key="STATISTICS_SKIPFACTORX">1</MDI>
      <MDI key="STATISTICS_SKIPFACTORY">1</MDI>
      <MDI key="STATISTICS_STDDEV">9.8405004831749</MDI>
      <MDI key="STATISTICS_VALID_PERCENT">37.83</MDI>
    </Metadata>
  </PAMRasterBand>
</PAMDataset>
