<PAMDataset>
  <Metadata>
    <MDI key="AREA_OR_POINT">Area</MDI>
    <MDI key="DataType">Generic</MDI>
  </Metadata>
  <PAMRasterBand band="1">
    <ColorInterp>Gray</ColorInterp>
    <Metadata>
      <MDI key="RepresentationType">ATHEMATIC</MDI>
      <MDI key="STATISTICS_COVARIANCES">0.02708623949007065</MDI>
      <MDI key="STATISTICS_MAXIMUM">99.999961853027</MDI>
      <MDI key="STATISTICS_MEAN">99.877597492592</MDI>
      <MDI key="STATISTICS_MINIMUM">95.979766845703</MDI>
      <MDI key="STATISTICS_SKIPFACTORX">1</MDI>
      <MDI key="STATISTICS_SKIPFACTORY">1</MDI>
      <MDI key="STATISTICS_STDDEV">0.16457759212693</MDI>
      <MDI key="STATISTICS_VALID_PERCENT">46.64</MDI>
    </Metadata>
  </PAMRasterBand>
</PAMDataset>
