<PAMDataset>
  <Metadata>
    <MDI key="AREA_OR_POINT">Area</MDI>
    <MDI key="DataType">Generic</MDI>
  </Metadata>
  <PAMRasterBand band="1">
    <ColorInterp>Gray</ColorInterp>
    <Metadata>
      <MDI key="RepresentationType">ATHEMATIC</MDI>
      <MDI key="STATISTICS_COVARIANCES">17.95724321706102</MDI>
      <MDI key="STATISTICS_MAXIMUM">24.752168655396</MDI>
      <MDI key="STATISTICS_MEAN">10.491561030495</MDI>
      <MDI key="STATISTICS_MINIMUM">5.0839676856995</MDI>
      <MDI key="STATISTICS_SKIPFACTORX">1</MDI>
      <MDI key="STATISTICS_SKIPFACTORY">1</MDI>
      <MDI key="STATISTICS_STDDEV">4.2373748702098</MDI>
      <MDI key="STATISTICS_VALID_PERCENT">45.02</MDI>
    </Metadata>
  </PAMRasterBand>
</PAMDataset>
