<PAMDataset>
  <Metadata>
    <MDI key="AREA_OR_POINT">Area</MDI>
    <MDI key="DataType">Generic</MDI>
  </Metadata>
  <PAMRasterBand band="1">
    <ColorInterp>Gray</ColorInterp>
    <Metadata>
      <MDI key="RepresentationType">ATHEMATIC</MDI>
      <MDI key="STATISTICS_COVARIANCES">32.29312990144223</MDI>
      <MDI key="STATISTICS_MAXIMUM">67.64705657959</MDI>
      <MDI key="STATISTICS_MEAN">50.468065155298</MDI>
      <MDI key="STATISTICS_MINIMUM">29.411766052246</MDI>
      <MDI key="STATISTICS_SKIPFACTORX">1</MDI>
      <MDI key="STATISTICS_SKIPFACTORY">1</MDI>
      <MDI key="STATISTICS_STDDEV">5.6822037522493</MDI>
      <MDI key="STATISTICS_VALID_PERCENT">26.99</MDI>
    </Metadata>
  </PAMRasterBand>
</PAMDataset>
