"export-plot data (NetLogo 6.1.1)"
"ViSA_test_30_optim.nlogo"
"07/22/2021 10:12:22:088 +0200"

"MODEL SETTINGS"
"foresight_scenario","region","ess","map-display","interact","actor","objective-scenario","capital","interaction-scenario","map-type","decision-pathway","weighted-decision?","budget","conflicting-actors","match-limit","plot-title","px","gama","alpha","py","land-management","site","pz","demand","year","kappa","resolution","demand_scenario","indicator","month"
"""Select""","""Select""","""yield""","""Conflict""","""Select""","""A""","""Optimizing""","""Select""","""Competitive""","""Select""","""Select""","true","100000","""Select""","1","""Capital""","0.4","0.4","0.05","0.3","""Crop rotation""","""site-3""","0.3","0","2050","2.0E-7","""Select""","""Select""","""Agr_insurance""","""Select"""

"""Capital"""
"x min","x max","y min","y max","autoplot?","current pen","legend open?","number of pens"
"0","10","0","57.9","true","""A""","true","4"

"pen name","pen down?","mode","interval","color","x"
"""A""","true","0","1","85","10"
"""B""","true","0","1","125","10"
"""C""","true","0","1","115","10"
"""Min Threshold""","true","0","1","15","10"

"""A""",,,,"""B""",,,,"""C""",,,,"""Min Threshold"""
"x","y","color","pen down?","x","y","color","pen down?","x","y","color","pen down?","x","y","color","pen down?"
"0","2.9411764999999996","85","true","0","0","125","true","0","12.987012999999997","115","true","0","1","15","true"
"1","3.4854444217305276","85","true","1","0","125","true","1","17.888012292695983","115","true","1","1","15","true"
"2","4.018872643205285","85","true","2","0","125","true","2","22.551965073392957","115","true","2","1","15","true"
"3","4.540035950268407","85","true","3","0","125","true","3","26.990993915874366","115","true","3","1","15","true"
"4","5.06926869465743","85","true","4","0","125","true","4","31.19382572620807","115","true","4","1","15","true"
"5","5.62088640356685","85","true","5","0","125","true","5","35.18193498447566","115","true","5","1","15","true"
"6","6.20670365854029","85","true","6","0","125","true","6","38.976434684875976","115","true","6","1","15","true"
"7","6.838132931942628","85","true","7","0","125","true","7","42.598255068792426","115","true","7","1","15","true"
"8","7.526912749272305","85","true","8","0","125","true","8","46.06836042573233","115","true","8","1","15","true"
"9","8.285461934917869","85","true","9","0","125","true","9","49.40795668594947","115","true","9","1","15","true"
"10","9.127115316087993","85","true","10","0","125","true","10","52.638687680973135","115","true","10","1","15","true"
