"export-plot data (NetLogo 6.1.1)"
"ViSA_test_30_optim.nlogo"
"07/22/2021 10:41:54:022 +0200"

"MODEL SETTINGS"
"foresight_scenario","region","ess","map-display","interact","actor","objective-scenario","capital","interaction-scenario","map-type","decision-pathway","weighted-decision?","budget","conflicting-actors","match-limit","plot-title","px","gama","alpha","py","land-management","site","pz","demand","year","kappa","resolution","demand_scenario","indicator","month"
"""Select""","""Select""","""yield""","""Conflict""","""Select""","""A""","""Optimizing""","""Select""","""Competitive""","""Select""","""Select""","true","100000","""Select""","1","""Capital""","0.4","0.4","0.05","0.3","""Crop rotation""","""site-3""","0.3","0","2050","2.0E-7","""Select""","""Select""","""Celebration""","""Select"""

"""Capital"""
"x min","x max","y min","y max","autoplot?","current pen","legend open?","number of pens"
"0","10","0","28.7","true","""A""","true","4"

"pen name","pen down?","mode","interval","color","x"
"""A""","true","0","1","85","10"
"""B""","true","0","1","125","10"
"""C""","true","0","1","115","10"
"""Min Threshold""","true","0","1","15","10"

"""A""",,,,"""B""",,,,"""C""",,,,"""Min Threshold"""
"x","y","color","pen down?","x","y","color","pen down?","x","y","color","pen down?","x","y","color","pen down?"
"0","0","85","true","0","6.185567000000002","125","true","0","6.233766239999999","115","true","0","1","15","true"
"1","0","85","true","1","5.798401177064948","125","true","1","8.586245900494074","115","true","1","1","15","true"
"2","0","85","true","2","5.648414062945978","125","true","2","10.855220825721338","115","true","2","1","15","true"
"3","0","85","true","3","5.726490468809274","125","true","3","13.040776881780959","115","true","3","1","15","true"
"4","0","85","true","4","5.967948765464604","125","true","4","15.132533156036306","115","true","4","1","15","true"
"5","0","85","true","5","6.4784267419382475","125","true","5","17.13651641520103","115","true","5","1","15","true"
"6","0","85","true","6","7.351969526896988","125","true","6","19.05919617288987","115","true","6","1","15","true"
"7","0","85","true","7","8.675291128178678","125","true","7","20.907502702529985","115","true","7","1","15","true"
"8","0","85","true","8","10.53447640336305","125","true","8","22.688867786436823","115","true","8","1","15","true"
"9","0","85","true","9","13.019036546784985","125","true","9","24.41126584322071","115","true","9","1","15","true"
"10","0","85","true","10","16.224488890493568","125","true","10","26.083254551641183","115","true","10","1","15","true"
